,Rank,Country,Year,Quality of Life Index,Purchasing Power Index,Safety Index,Health Care Index,Cost of Living Index,Property Price to Income Ratio,Traffic Commute Time Index,Pollution Index,Climate Index
0,1,Switzerland,2015,222.94,146.51,73.23,66.31,126.03,7.28,25.63,24.07,-
1,2,Germany,2015,195.94,111.84,71.51,75.61,76.27,6.61,31.08,28.32,-
2,3,Sweden,2015,193.86,110.95,57.91,76.29,82.91,9.25,26.9,15.14,-
3,4,United States,2015,192.49,126.09,49.99,67.75,76.53,2.62,35.96,31.45,-
4,5,Finland,2015,190.25,101.17,70.45,69.37,89.68,7.01,33.17,14.91,-
5,6,Denmark,2015,190.18,105.7,74.29,79.28,100.6,5.02,27.85,31.79,-
6,7,Austria,2015,182.62,104.55,73.75,78.42,76.87,9.6,25.86,33.96,-
7,8,Australia,2015,180.81,110.39,57.84,71.85,99.32,7.13,36.25,21.63,-
8,9,Canada,2015,177.63,105.07,62.54,69.6,81.8,5.52,38.88,27.3,-
9,10,New Zealand,2015,175.51,90.99,60.24,72.61,93.71,5.78,28.1,17.61,-
10,11,Norway,2015,175.09,96.3,68.81,75.46,118.59,7.74,25.3,23.7,-
11,12,Saudi Arabia,2015,169.37,126.19,65.43,59.02,50.35,3.12,26.14,71.02,-
12,13,Japan,2015,168.28,98.21,79.76,87.07,80.36,9.24,51.05,38.22,-
13,14,Netherlands,2015,166.76,102.02,64.59,67.23,85.98,6.22,35.45,34.97,-
14,15,Turkmenistan,2015,157.09,59.75,82.14,77.22,38.12,12.96,11.75,28.45,-
15,16,United Kingdom,2015,156.9,98.12,57.99,73.88,92.19,8.63,34.0,33.95,-
16,17,Cyprus,2015,154.91,71.05,68.44,78.36,72.52,7.38,19.0,32.88,-
17,18,United Arab Emirates,2015,153.68,104.59,77.78,55.6,67.16,6.16,29.9,61.34,-
18,19,Ireland,2015,148.85,95.72,50.93,49.53,92.09,6.07,32.6,27.97,-
19,20,Qatar,2015,144.89,113.02,78.96,75.86,74.0,6.56,29.27,87.73,-
20,21,Estonia,2015,144.59,51.44,71.87,73.08,61.2,11.65,22.44,15.53,-
21,22,France,2015,139.31,92.62,50.29,82.58,88.37,9.7,28.6,45.94,-
22,23,Belgium,2015,135.95,86.16,57.96,77.86,87.22,6.49,26.69,53.84,-
23,24,Spain,2015,134.91,76.71,66.15,73.21,65.7,9.56,28.91,46.3,-
24,25,Slovenia,2015,134.49,64.16,71.29,53.93,65.15,10.61,18.82,31.45,-
25,26,Portugal,2015,129.16,58.22,64.16,65.62,58.22,8.32,28.2,32.61,-
26,27,Czech Republic,2015,127.53,68.07,67.11,67.24,48.5,10.59,31.47,42.87,-
27,28,Puerto Rico,2015,125.69,94.43,32.94,58.74,73.5,4.54,32.0,48.03,-
28,29,Kuwait,2015,123.39,85.7,56.49,66.57,92.97,6.12,25.0,59.63,-
29,30,Israel,2015,120.43,88.18,69.6,76.35,79.29,10.72,41.25,65.21,-
30,31,South Korea,2015,120.03,85.83,82.01,78.15,82.9,11.01,31.33,77.11,-
31,32,Lithuania,2015,112.85,46.86,63.31,70.11,52.76,12.87,31.33,29.6,-
32,33,Croatia,2015,112.34,50.47,70.66,57.26,58.92,12.48,30.5,32.76,-
33,34,Singapore,2015,111.29,75.4,82.41,66.14,93.61,21.41,44.07,40.4,-
34,35,South Africa,2015,110.92,101.78,21.56,60.09,45.58,3.14,42.98,65.19,-
35,36,Poland,2015,109.74,63.49,67.01,58.03,45.11,10.56,34.67,50.55,-
36,37,Slovakia,2015,109.09,56.05,66.66,57.34,51.6,8.58,30.4,47.94,-
37,38,Italy,2015,100.99,79.35,52.5,65.78,82.72,11.69,35.91,57.75,-
38,39,Latvia,2015,99.04,44.39,62.78,67.13,55.94,12.19,24.0,43.43,-
39,40,Greece,2015,94.66,51.89,58.65,56.73,68.88,9.67,33.18,44.87,-
40,41,Hungary,2015,93.07,46.85,58.24,51.58,48.9,8.58,30.12,46.25,-
41,42,Uruguay,2015,93.06,44.87,52.83,67.92,68.55,11.23,45.0,31.72,-
42,43,Taiwan,2015,92.5,69.9,78.12,84.29,57.06,24.97,28.25,67.65,-
43,44,Panama,2015,89.27,43.34,49.92,82.14,55.16,10.79,28.12,50.91,-
44,45,Malaysia,2015,85.32,73.54,30.03,69.14,45.97,8.35,39.4,64.73,-
45,46,Mexico,2015,84.97,59.51,46.16,67.79,41.26,6.26,36.89,68.83,-
46,47,Bahrain,2015,84.06,59.69,60.03,84.44,56.17,7.89,27.0,87.36,-
47,48,Romania,2015,83.63,40.62,70.28,46.57,42.39,11.81,30.69,50.55,-
48,49,Hong Kong,2015,82.96,74.93,80.76,80.6,75.23,30.09,46.25,59.5,-
49,50,Turkey,2015,82.55,53.63,63.6,74.0,49.55,6.7,46.32,74.31,-
50,51,India,2015,78.6,65.79,53.45,66.86,26.27,10.06,45.24,77.72,-
51,52,Argentina,2015,77.01,59.38,37.6,75.18,67.12,11.59,41.39,55.88,-
52,53,Bosnia And Herzegovina,2015,73.45,44.74,54.18,52.08,42.3,12.5,21.9,58.54,-
53,54,Belarus,2015,72.48,35.82,69.5,45.39,50.2,16.36,30.57,45.12,-
54,55,Bulgaria,2015,68.3,39.88,56.55,58.47,43.57,9.42,33.43,63.96,-
55,56,Chile,2015,65.48,55.11,54.99,58.55,53.21,10.84,40.83,72.4,-
56,57,Georgia,2015,64.96,26.21,77.99,62.59,39.56,15.17,38.0,58.79,-
57,58,Serbia,2015,60.34,39.15,56.57,54.12,43.29,17.07,27.79,56.6,-
58,59,Sri Lanka,2015,49.87,28.24,50.04,74.29,41.66,14.29,30.83,65.72,-
59,60,Armenia,2015,49.07,27.74,70.86,48.33,40.68,13.39,26.09,73.03,-
60,61,Colombia,2015,47.71,36.08,43.12,68.92,38.92,14.35,44.55,61.41,-
61,62,Thailand,2015,47.37,38.75,62.94,82.47,46.52,20.76,42.36,72.81,-
62,63,Kazakhstan,2015,47.0,43.48,53.32,58.86,54.27,12.73,41.8,73.69,-
63,64,Ecuador,2015,44.52,28.0,45.96,63.08,45.57,14.67,45.67,53.2,-
64,65,Dominican Republic,2015,43.6,28.2,32.28,78.7,55.95,11.45,27.5,65.32,-
65,66,Moldova,2015,42.13,23.7,50.3,52.69,34.72,17.07,24.6,57.24,-
66,67,Jordan,2015,38.61,38.67,54.49,69.71,61.38,8.58,51.4,85.64,-
67,68,Philippines,2015,36.95,35.41,56.89,71.66,40.0,18.52,45.5,74.17,-
68,69,Lebanon,2015,32.81,50.17,48.02,65.78,67.61,16.21,32.43,89.11,-
69,70,Brazil,2015,29.84,41.16,31.05,52.15,55.33,16.7,46.34,58.03,-
70,71,Macedonia,2015,28.85,35.48,63.94,35.12,37.41,15.38,33.17,82.31,-
71,72,Russia,2015,28.38,38.86,48.67,51.8,61.91,14.6,47.08,72.77,-
72,73,Indonesia,2015,22.7,26.01,52.78,66.09,39.35,18.93,41.63,74.41,-
73,74,Pakistan,2015,21.82,33.21,38.84,51.16,30.71,14.32,25.14,83.73,-
74,75,Ukraine,2015,20.1,27.87,50.64,44.27,41.29,17.38,40.04,69.85,-
75,76,China,2015,15.99,48.64,58.25,58.74,48.89,26.42,37.48,89.36,-
76,77,Kenya,2015,7.32,28.74,27.39,62.7,50.01,16.75,65.2,62.2,-
77,78,Bolivia,2015,6.55,41.1,34.4,49.75,40.02,10.33,55.0,94.05,-
78,79,Nigeria,2015,2.99,40.23,23.4,38.4,59.4,10.74,58.67,76.29,-
79,80,Iran,2015,1.07,30.65,49.1,50.12,44.53,20.78,47.44,82.28,-
80,81,Cambodia,2015,-4.4,11.93,55.94,54.17,57.05,21.11,33.33,80.06,-
81,82,Bangladesh,2015,-5.36,33.43,35.75,43.25,39.22,10.9,58.0,93.59,-
82,83,Egypt,2015,-7.07,25.84,39.86,54.69,37.22,11.33,56.85,96.62,-
83,84,Vietnam,2015,-19.52,21.32,47.71,34.26,41.86,23.92,36.4,84.34,-
84,85,Mongolia,2015,-35.74,23.5,29.75,28.29,52.28,18.63,36.86,94.55,-
85,86,Venezuela,2015,-53.04,11.9,15.93,38.52,111.01,22.23,30.6,79.19,-
86,1,Switzerland,2014,206.23,138.05,68.21,67.95,143.88,7.05,24.55,26.8,-
87,2,United States,2014,195.55,132.91,49.85,68.58,77.39,2.43,37.13,35.13,-
88,3,Germany,2014,192.69,112.28,72.86,75.26,87.14,5.6,36.07,30.2,-
89,4,Sweden,2014,180.92,106.11,61.72,75.22,103.68,9.41,34.07,17.51,-
90,5,Finland,2014,178.88,97.9,70.84,68.69,103.28,7.83,37.0,16.68,-
91,6,Denmark,2014,178.55,100.66,70.73,85.62,114.87,6.37,25.0,34.76,-
92,7,Canada,2014,178.29,105.53,63.71,71.94,87.9,5.57,39.17,27.7,-
93,8,Australia,2014,175.98,104.2,58.77,73.55,108.51,7.44,36.25,19.38,-
94,9,United Arab Emirates,2014,173.27,110.64,79.21,60.65,68.25,5.26,28.2,53.84,-
95,10,Austria,2014,171.82,91.53,74.17,79.67,89.5,9.17,24.5,31.68,-
96,11,New Zealand,2014,168.56,87.58,57.15,77.83,104.48,5.3,26.57,21.02,-
97,12,Japan,2014,168.47,99.64,81.9,85.03,94.13,8.34,47.64,40.78,-
98,13,Norway,2014,168.41,94.4,66.27,75.71,144.45,7.42,24.5,22.57,-
99,14,Netherlands,2014,160.98,97.54,62.93,66.17,98.82,6.08,35.06,32.4,-
100,15,United Kingdom,2014,150.97,94.34,57.38,73.52,100.11,7.74,37.68,33.81,-
101,16,Estonia,2014,145.4,48.67,70.93,76.34,67.33,10.19,24.71,13.43,-
102,17,Ireland,2014,142.35,94.64,46.41,42.57,106.61,5.74,22.53,29.32,-
103,18,Kuwait,2014,141.37,92.46,63.56,66.2,74.08,6.78,17.0,59.99,-
104,19,Saudi Arabia,2014,139.88,100.03,70.62,50.42,68.14,3.25,23.33,71.54,-
105,20,France,2014,136.31,92.29,52.72,82.28,100.21,10.32,28.1,46.92,-
106,21,Belgium,2014,134.71,87.93,58.47,78.04,100.04,5.98,25.96,56.16,-
107,22,Slovenia,2014,125.56,60.36,66.79,61.31,75.37,11.09,20.67,32.97,-
108,23,Portugal,2014,124.71,54.65,64.94,64.8,69.3,8.41,28.91,30.9,-
109,24,Puerto Rico,2014,123.64,85.28,40.7,59.93,76.5,5.1,28.4,47.41,-
110,25,Spain,2014,123.64,72.48,67.58,75.17,77.18,10.45,32.03,49.76,-
111,26,Czech Republic,2014,122.99,62.32,66.12,66.27,56.59,10.43,33.08,38.34,-
112,27,Lithuania,2014,121.91,43.24,65.29,69.26,59.96,12.91,22.0,21.13,-
113,28,South Korea,2014,117.9,80.63,83.65,79.17,87.56,11.35,31.2,74.24,-
114,29,Taiwan,2014,114.06,82.31,78.53,78.33,60.2,17.33,27.6,70.81,-
115,30,South Africa,2014,111.61,95.97,21.47,59.44,48.55,3.45,41.31,57.93,-
116,31,Slovakia,2014,108.74,52.41,67.28,63.52,61.5,9.51,37.5,40.81,-
117,32,Croatia,2014,108.7,48.32,71.1,55.94,69.04,13.37,33.35,28.69,-
118,33,Poland,2014,95.19,57.6,62.47,54.83,53.68,11.37,35.32,50.54,-
119,34,Uruguay,2014,91.94,39.64,53.36,59.58,77.36,11.6,45.0,21.33,-
120,35,Israel,2014,91.16,69.29,66.72,75.43,91.45,12.83,46.38,63.75,-
121,36,Italy,2014,90.61,75.39,54.41,65.05,96.81,12.15,38.05,60.42,-
122,37,Malaysia,2014,89.05,70.46,33.59,69.35,48.66,8.04,38.7,61.12,-
123,38,Singapore,2014,87.99,64.11,78.65,61.82,100.01,22.59,47.82,41.93,-
124,39,Mexico,2014,83.47,60.46,47.54,70.64,46.96,6.47,38.96,71.17,-
125,40,Hungary,2014,83.18,44.89,62.48,46.58,59.27,9.63,34.83,48.33,-
126,41,Argentina,2014,81.12,57.08,42.52,76.75,66.85,8.95,45.0,57.45,-
127,42,India,2014,78.01,62.33,56.3,64.62,26.7,10.16,47.72,74.34,-
128,43,Greece,2014,77.48,44.27,56.95,59.02,83.79,11.74,36.98,45.28,-
129,44,Bosnia And Herzegovina,2014,74.6,44.52,55.02,54.42,49.76,11.97,22.56,58.22,-
130,45,Belarus,2014,74.43,33.93,67.11,48.02,50.35,16.81,24.83,42.72,-
131,46,Hong Kong,2014,73.24,71.39,77.32,71.83,76.36,27.06,47.73,63.79,-
132,47,Chile,2014,69.32,58.27,52.91,58.68,60.16,9.45,42.1,70.98,-
133,48,Serbia,2014,69.31,37.39,60.72,54.35,51.57,16.86,24.38,49.56,-
134,49,Turkey,2014,67.82,55.79,60.05,57.54,49.93,6.86,51.93,77.11,-
135,50,Romania,2014,63.27,36.51,71.27,47.27,48.2,13.24,33.29,62.55,-
136,51,Bulgaria,2014,62.6,37.39,59.98,58.04,49.96,9.87,34.69,66.72,-
137,52,Thailand,2014,56.64,36.96,62.44,85.44,45.95,19.07,32.82,71.13,-
138,53,Ecuador,2014,42.25,27.03,40.03,59.39,45.23,12.7,42.8,53.66,-
139,54,Kazakhstan,2014,40.64,37.29,50.59,60.19,63.15,11.35,40.0,74.36,-
140,55,Jordan,2014,39.54,38.3,52.42,74.1,61.46,7.95,60.2,81.84,-
141,56,Brazil,2014,38.76,43.29,33.0,53.72,60.6,14.96,43.02,57.58,-
142,57,Colombia,2014,36.53,33.45,41.46,68.52,50.37,14.23,46.15,65.67,-
143,58,China,2014,30.3,43.73,69.87,65.12,54.12,26.13,31.17,84.72,-
144,59,Philippines,2014,28.09,29.97,58.1,69.84,40.28,18.78,49.78,74.88,-
145,60,Pakistan,2014,22.32,31.53,36.25,50.4,29.69,13.92,25.12,80.25,-
146,61,Ukraine,2014,22.22,31.0,50.63,47.1,45.64,15.95,41.89,73.32,-
147,62,Indonesia,2014,21.85,26.44,53.33,60.23,39.0,18.79,41.07,73.78,-
148,63,Lebanon,2014,18.39,41.86,49.9,55.36,70.15,18.3,32.43,86.72,-
149,64,Russia,2014,16.53,37.3,47.33,43.45,61.8,14.67,49.69,76.45,-
150,65,Egypt,2014,5.41,25.57,47.57,61.3,38.26,11.09,60.83,91.23,-
151,66,Iran,2014,-11.08,30.33,44.99,48.6,49.51,20.63,54.45,86.07,-
152,67,Mongolia,2014,-26.75,25.59,33.77,27.23,57.36,15.7,36.86,94.98,-
153,68,Venezuela,2014,-39.32,17.87,18.5,41.05,114.36,20.19,38.75,73.96,-
154,1,Switzerland,2016,208.54,178.74,74.27,68.88,123.1,8.57,28.73,23.02,70.5
155,2,Denmark,2016,206.49,142.14,74.33,81.89,84.88,5.85,25.64,29.93,70.65
156,3,New Zealand,2016,201.06,115.47,63.63,72.6,78.17,6.28,31.1,19.04,88.35
157,4,Germany,2016,199.7,147.61,67.05,75.85,65.54,7.13,29.07,29.91,63.02
158,5,Australia,2016,198.79,147.25,56.88,73.71,78.45,8.43,34.65,22.88,77.33
159,6,Austria,2016,192.4,120.46,75.94,77.78,66.59,9.52,26.79,30.77,63.76
160,7,Netherlands,2016,192.4,129.34,68.53,70.43,72.12,5.87,35.51,32.79,76.28
161,8,Norway,2016,188.9,125.75,69.89,74.23,99.8,7.36,29.48,18.21,56.33
162,9,Spain,2016,186.41,105.31,68.23,75.89,56.11,8.06,30.52,46.58,90.8
163,10,Sweden,2016,185.81,128.22,56.88,74.33,75.7,11.19,32.05,18.3,61.8
164,11,Finland,2016,184.01,132.93,71.88,74.36,75.25,7.73,32.89,17.84,32.56
165,12,United States,2016,183.96,139.17,51.13,67.76,74.08,3.37,33.35,34.94,67.57
166,13,Portugal,2016,181.18,75.47,64.87,69.03,49.83,8.43,30.56,31.85,91.7
167,14,United Kingdom,2016,180.25,120.0,56.87,74.03,81.03,9.28,35.53,35.02,81.6
168,15,Canada,2016,177.23,134.81,60.8,68.62,64.82,6.14,37.79,29.48,46.23
169,16,Japan,2016,176.06,117.55,80.66,80.42,81.25,20.17,48.35,34.04,79.64
170,17,Slovenia,2016,175.93,89.76,73.73,58.47,52.19,9.72,25.0,28.2,62.46
171,18,France,2016,173.56,118.51,55.94,82.25,75.3,11.93,31.98,46.31,78.3
172,19,Croatia,2016,172.39,67.89,70.49,59.96,48.2,11.88,30.03,30.42,85.64
173,20,Ireland,2016,171.92,125.66,51.61,50.38,78.03,8.51,32.31,30.85,73.07
174,21,South Korea,2016,170.29,120.64,85.69,78.97,73.18,14.87,30.93,49.65,51.35
175,22,Czech Republic,2016,167.38,89.99,67.94,72.35,41.8,10.33,32.48,42.49,63.48
176,23,Israel,2016,166.63,115.54,69.37,76.07,75.75,10.64,37.76,61.46,81.89
177,24,Greece,2016,165.43,79.27,61.54,59.17,54.4,7.38,29.09,47.22,87.14
178,25,Belgium,2016,162.29,106.69,54.81,78.06,75.44,6.58,36.19,56.61,76.97
179,26,Italy,2016,159.28,105.67,53.78,67.76,68.77,10.37,36.49,56.56,86.19
180,27,Saudi Arabia,2016,159.18,167.86,74.8,65.09,47.6,2.78,38.7,72.2,16.77
181,28,South Africa,2016,156.7,126.1,21.57,59.58,34.75,3.34,43.18,63.29,91.42
182,29,Poland,2016,153.61,80.77,68.59,60.01,38.53,10.95,34.51,49.87,64.33
183,30,Chile,2016,147.26,78.4,58.0,61.05,43.88,9.88,33.81,67.21,85.68
184,31,Bosnia And Herzegovina,2016,146.7,60.64,57.54,60.52,34.59,10.94,23.41,57.95,75.31
185,32,Romania,2016,146.13,61.9,70.28,51.43,34.8,10.56,33.29,50.5,66.96
186,33,United Arab Emirates,2016,144.09,136.43,76.92,58.2,66.09,5.43,33.69,59.54,5.91
187,34,Bulgaria,2016,141.61,59.19,58.58,50.93,36.36,8.8,28.66,60.35,77.8
188,35,Hungary,2016,140.74,56.3,58.07,52.07,41.29,9.81,31.78,46.7,66.89
189,36,Argentina,2016,138.48,74.92,36.72,73.73,64.09,12.22,42.36,58.46,91.7
190,37,Serbia,2016,138.26,49.62,56.72,55.88,33.56,16.59,28.37,55.14,83.89
191,38,Turkey,2016,137.31,64.12,60.57,73.03,45.07,8.07,48.05,65.75,74.22
192,39,Mexico,2016,137.01,76.51,49.2,68.13,35.01,6.21,37.06,64.64,58.78
193,40,Lithuania,2016,134.33,61.25,56.85,67.38,45.56,12.9,30.24,30.94,24.42
194,41,Colombia,2016,128.46,45.99,51.49,73.22,29.25,16.29,44.24,64.44,84.51
195,42,Macedonia,2016,115.03,46.74,61.98,59.99,31.05,15.52,40.68,85.29,80.55
196,43,India,2016,109.28,89.65,53.41,66.47,24.14,10.54,45.98,77.02,19.66
197,44,Hong Kong,2016,108.33,102.32,79.15,74.3,81.48,37.57,46.4,67.17,39.9
198,45,Brazil,2016,101.02,48.69,28.77,51.09,38.88,17.95,46.12,61.18,72.6
199,46,China,2016,99.03,77.42,67.92,61.2,48.1,24.98,44.09,85.54,46.59
200,47,Iran,2016,96.93,47.73,47.63,49.83,41.12,14.78,48.15,84.21,74.61
201,48,Pakistan,2016,93.99,43.34,43.37,61.27,26.69,15.27,36.85,76.64,41.17
202,49,Singapore,2016,93.09,110.5,84.19,69.06,83.67,23.17,43.43,38.83,-66.63
203,50,Egypt,2016,88.79,40.3,43.47,46.58,36.71,10.76,50.85,96.05,79.72
204,51,Russia,2016,88.31,57.42,52.69,54.15,38.48,12.84,49.13,64.49,10.87
205,52,Ukraine,2016,85.56,29.66,51.38,49.69,28.56,26.16,39.95,67.84,50.4
206,53,Indonesia,2016,72.19,35.51,53.03,62.56,36.33,19.48,41.4,75.14,7.98
207,54,Philippines,2016,65.83,42.86,62.39,72.25,34.73,19.24,45.97,73.12,-26.98
208,55,Thailand,2016,63.83,40.06,57.44,80.8,40.02,24.38,43.09,71.51,-23.25
209,56,Malaysia,2016,63.8,96.34,31.45,66.45,37.47,9.07,39.77,67.53,-71.17
210,1,Switzerland,2013,215.71,138.2,72.42,71.98,146.98,6.25,25.87,22.97,-
211,2,Germany,2013,204.84,118.0,76.14,73.25,87.56,5.0,31.89,28.43,-
212,3,United States,2013,199.56,138.38,46.56,67.76,79.57,2.2,39.54,32.53,-
213,4,Sweden,2013,191.36,108.25,68.19,78.7,110.72,8.75,27.9,18.79,-
214,5,Canada,2013,186.03,111.04,65.02,72.79,95.47,5.08,38.76,26.52,-
215,6,United Arab Emirates,2013,186.01,123.85,81.99,59.92,74.12,4.43,24.5,58.37,-
216,7,Denmark,2013,182.29,104.58,69.26,86.13,114.09,6.97,22.5,34.29,-
217,8,Norway,2013,173.86,97.29,74.39,80.51,164.92,7.3,27.08,23.35,-
218,9,Qatar,2013,169.92,140.57,73.83,68.06,80.92,5.43,30.5,82.76,-
219,10,Austria,2013,167.39,88.57,69.56,81.45,93.07,8.82,28.0,28.81,-
220,11,Finland,2013,167.21,95.65,67.31,76.41,101.72,9.38,49.0,18.53,-
221,12,Australia,2013,165.8,104.18,55.56,75.56,130.71,8.12,39.09,20.89,-
222,13,New Zealand,2013,163.17,85.55,58.21,76.04,110.45,5.94,26.57,21.8,-
223,14,Netherlands,2013,160.54,94.93,62.47,66.8,98.06,6.3,38.7,28.08,-
224,15,Japan,2013,159.79,87.68,86.89,80.09,113.21,8.32,50.3,33.68,-
225,16,Estonia,2013,154.95,54.02,75.77,78.06,67.23,9.26,23.17,16.38,-
226,17,France,2013,151.36,99.18,48.87,85.62,98.92,8.38,28.9,41.3,-
227,18,Ireland,2013,149.64,91.68,55.05,49.0,107.65,5.52,21.0,29.76,-
228,19,United Kingdom,2013,148.12,90.54,60.22,71.28,96.99,6.73,38.67,36.02,-
229,20,Belgium,2013,146.73,95.48,57.05,81.48,103.01,6.69,27.33,49.63,-
230,21,Spain,2013,141.05,83.67,65.88,75.61,79.25,9.63,26.42,46.52,-
231,22,Saudi Arabia,2013,140.49,116.1,68.26,34.17,71.28,3.11,15.75,80.55,-
232,23,South Korea,2013,135.62,95.57,82.6,80.56,79.71,12.46,21.5,75.57,-
233,24,Slovenia,2013,133.62,60.1,70.4,72.11,78.15,12.1,24.67,28.17,-
234,25,South Africa,2013,123.77,107.37,23.32,61.33,59.51,3.21,38.91,58.99,-
235,26,Czech Republic,2013,122.18,64.46,65.88,61.99,60.97,10.0,30.78,40.1,-
236,27,Taiwan,2013,120.57,74.17,83.74,81.25,66.76,9.02,38.33,71.48,-
237,28,Portugal,2013,119.76,54.59,65.04,61.63,71.77,8.06,27.88,35.0,-
238,29,Puerto Rico,2013,117.89,95.73,29.47,58.98,81.49,3.93,32.5,54.02,-
239,30,Slovakia,2013,114.58,54.24,64.84,59.95,62.69,7.91,41.0,34.4,-
240,31,Lithuania,2013,114.05,42.79,65.39,70.79,60.95,13.58,27.33,25.17,-
241,32,Israel,2013,99.34,73.52,51.74,87.04,90.18,10.31,46.6,59.54,-
242,33,Hong Kong,2013,94.27,81.17,83.43,71.06,76.23,23.93,43.88,64.95,-
243,34,Poland,2013,90.47,55.56,61.07,57.81,53.31,13.0,36.24,50.02,-
244,35,Croatia,2013,88.86,52.07,67.75,50.03,69.6,13.1,43.86,42.0,-
245,36,Mexico,2013,87.94,60.67,43.77,72.12,52.42,5.68,37.37,66.08,-
246,37,Italy,2013,87.36,75.76,50.54,64.78,98.09,13.0,38.43,58.86,-
247,38,Panama,2013,86.81,37.69,51.54,82.41,50.77,10.83,31.67,48.08,-
248,39,Hungary,2013,85.59,43.45,66.28,51.02,60.76,10.71,22.45,53.27,-
249,40,Malaysia,2013,79.74,71.79,32.25,59.65,54.13,6.79,38.64,67.35,-
250,41,Uruguay,2013,78.34,38.14,55.03,57.18,80.65,11.54,50.0,30.46,-
251,42,Turkey,2013,74.84,57.26,64.8,71.87,61.67,6.19,50.47,82.0,-
252,43,India,2013,73.7,62.71,57.88,62.68,30.24,9.96,50.64,77.48,-
253,44,Chile,2013,72.56,58.03,59.72,61.51,66.37,9.22,40.22,74.2,-
254,45,Argentina,2013,72.53,51.09,40.71,78.26,69.68,10.19,46.71,55.56,-
255,46,Bosnia And Herzegovina,2013,71.6,47.34,56.74,54.54,50.63,11.7,18.83,67.63,-
256,47,Singapore,2013,69.17,60.86,80.02,58.82,104.14,25.12,51.1,49.5,-
257,48,Serbia,2013,63.68,37.01,58.77,55.55,51.13,17.22,25.48,52.79,-
258,49,Romania,2013,57.75,36.35,69.98,46.13,49.46,14.25,34.85,63.34,-
259,50,Greece,2013,55.51,50.31,50.24,50.4,88.06,11.56,38.51,62.69,-
260,51,Thailand,2013,54.08,35.44,59.47,94.73,51.3,18.33,38.57,72.12,-
261,52,Bulgaria,2013,53.71,38.01,58.53,54.63,51.37,10.14,22.17,78.86,-
262,53,Brazil,2013,48.21,41.44,37.38,57.58,69.91,13.33,35.82,56.5,-
263,54,Ecuador,2013,37.68,25.99,40.26,64.81,46.02,13.33,43.0,58.55,-
264,55,Georgia,2013,35.74,29.0,80.43,68.98,53.24,33.8,20.0,64.83,-
265,56,Colombia,2013,35.05,29.44,45.84,77.31,57.25,15.46,43.57,68.26,-
266,57,Ukraine,2013,31.86,32.3,51.05,47.89,47.95,15.42,39.91,67.28,-
267,58,China,2013,31.5,42.41,73.13,60.86,60.72,22.22,30.5,89.35,-
268,59,Philippines,2013,21.08,25.98,45.06,73.7,47.79,16.38,46.75,74.84,-
269,60,Russia,2013,18.5,39.6,47.61,39.34,68.12,12.36,49.68,78.29,-
270,61,Mongolia,2013,14.08,28.4,53.13,43.06,61.95,13.0,26.67,88.97,-
271,62,Lebanon,2013,12.46,44.15,52.69,43.33,73.95,18.42,36.4,88.05,-
272,63,Pakistan,2013,7.67,26.38,38.48,47.88,32.83,17.49,16.0,86.96,-
273,64,Egypt,2013,7.59,27.41,51.33,59.08,44.12,12.33,59.0,89.86,-
274,65,Iran,2013,-6.96,35.75,43.85,45.66,56.97,16.33,58.28,90.23,-
275,66,Indonesia,2013,-12.54,24.61,59.51,48.52,46.01,24.75,54.38,85.14,-
276,67,Venezuela,2013,-48.27,18.71,14.3,44.44,110.55,20.78,38.75,81.89,-
